<?xml version="1.0" encoding="UTF-8"?>
<metadata xml:lang="en"><Esri><CreaDate>20180510</CreaDate><CreaTime>02241000</CreaTime><ArcGISFormat>1.0</ArcGISFormat><SyncOnce>TRUE</SyncOnce><DataProperties><lineage><Process ToolSource="c:\program files (x86)\arcgis\desktop10.4\ArcToolbox\Toolboxes\Data Management Tools.tbx\CalculateField" Date="20170731" Time="102324">CalculateField network-edges Type_mat "T1" VB #</Process><Process ToolSource="c:\program files (x86)\arcgis\desktop10.4\ArcToolbox\Toolboxes\Data Management Tools.tbx\CalculateField" Date="20170731" Time="103546">CalculateField network-edges Diameter 40 VB #</Process><Process ToolSource="c:\program files (x86)\arcgis\desktop10.4\ArcToolbox\Toolboxes\Data Management Tools.tbx\CalculateField" Date="20170731" Time="103609">CalculateField network-edges Diameter 150 VB #</Process><Process ToolSource="c:\program files (x86)\arcgis\desktop10.4\ArcToolbox\Toolboxes\Data Management Tools.tbx\CalculateField" Date="20170731" Time="103633">CalculateField network-edges D_mm 150 VB #</Process><Process ToolSource="c:\program files (x86)\arcgis\desktop10.4\ArcToolbox\Toolboxes\Data Management Tools.tbx\CalculateField" Date="20170731" Time="103951">CalculateField network-edges Name "PIPE+ [FID]" VB #</Process><Process ToolSource="c:\program files (x86)\arcgis\desktop10.4\ArcToolbox\Toolboxes\Data Management Tools.tbx\CalculateField" Date="20170731" Time="104124">CalculateField network-edges Name "PIPE" VB #</Process><Process ToolSource="c:\program files (x86)\arcgis\desktop10.4\ArcToolbox\Toolboxes\Data Management Tools.tbx\CalculateField" Date="20170803" Time="190219">CalculateField network-edges Pipe_DN [D_mm] VB #</Process></lineage><itemProps><itemLocation><linkage Sync="TRUE">file://\\DESKTOP-O6QF291\C$\Users\JimenoF\Desktop\reference-case-open\baseline\inputs\networks\DC\edges</linkage><protocol Sync="TRUE">Local Area Network</protocol></itemLocation></itemProps><copyHistory><copy source="C:\Users\JimenoF\Desktop\reference-case-open\baseline\inputs\networks\DH\edges" dest="\\DESKTOP-O6QF291\C$\Users\JimenoF\Desktop\reference-case-open\baseline\inputs\networks\DC\edges" date="20180510" time="02241000"></copy></copyHistory></DataProperties></Esri></metadata>
