<?xml version="1.0" encoding="UTF-8"?>
<metadata xml:lang="en"><Esri><CreaDate>20180510</CreaDate><CreaTime>02241500</CreaTime><ArcGISFormat>1.0</ArcGISFormat><SyncOnce>TRUE</SyncOnce><DataProperties><lineage><Process ToolSource="c:\program files (x86)\arcgis\desktop10.4\ArcToolbox\Toolboxes\Data Management Tools.tbx\CalculateField" Date="20170731" Time="100632">CalculateField network-nodes Qh 0 VB #</Process><Process ToolSource="c:\program files (x86)\arcgis\desktop10.4\ArcToolbox\Toolboxes\Data Management Tools.tbx\CalculateField" Date="20170731" Time="100643">CalculateField network-nodes Qh 0 VB #</Process><Process ToolSource="c:\program files (x86)\arcgis\desktop10.4\ArcToolbox\Toolboxes\Data Management Tools.tbx\CalculateField" Date="20170731" Time="100648">CalculateField network-nodes Qh 0 VB #</Process><Process ToolSource="c:\program files (x86)\arcgis\desktop10.4\ArcToolbox\Toolboxes\Data Management Tools.tbx\CalculateField" Date="20170731" Time="103047">CalculateField network-nodes Type "CONSUMER" VB #</Process><Process ToolSource="c:\program files (x86)\arcgis\desktop10.4\ArcToolbox\Toolboxes\Data Management Tools.tbx\CalculateField" Date="20170731" Time="103119">CalculateField network-nodes Type "NONE" VB #</Process><Process ToolSource="c:\program files (x86)\arcgis\desktop10.4\ArcToolbox\Toolboxes\Data Management Tools.tbx\CalculateField" Date="20170731" Time="104515">CalculateField network-nodes Name "NODE" VB #</Process></lineage><itemProps><itemLocation><linkage Sync="TRUE">file://\\DESKTOP-O6QF291\C$\Users\JimenoF\Desktop\reference-case-open\baseline\inputs\networks\DC\nodes</linkage><protocol Sync="TRUE">Local Area Network</protocol></itemLocation></itemProps><copyHistory><copy source="C:\Users\JimenoF\Desktop\reference-case-open\baseline\inputs\networks\DH\nodes" dest="\\DESKTOP-O6QF291\C$\Users\JimenoF\Desktop\reference-case-open\baseline\inputs\networks\DC\nodes" date="20180510" time="02241500"></copy></copyHistory></DataProperties></Esri></metadata>
