<?xml version="1.0" encoding="UTF-8"?>
<metadata xml:lang="de"><Esri><CreaDate>20160728</CreaDate><CreaTime>17170700</CreaTime><ArcGISFormat>1.0</ArcGISFormat><SyncOnce>FALSE</SyncOnce><DataProperties><itemProps><itemName Sync="TRUE">occupancy2</itemName><imsContentType Sync="TRUE">002</imsContentType><itemLocation><linkage Sync="TRUE">file://\\JF-PC\C$\reference-case-zug\sensitivity_demand_model\inputs\building-properties\occupancy2.shp</linkage><protocol Sync="TRUE">Local Area Network</protocol></itemLocation><itemSize Sync="TRUE">0.000</itemSize></itemProps><coordRef><type Sync="TRUE">Projected</type><geogcsn Sync="TRUE">GCS_CH1903</geogcsn><csUnits Sync="TRUE">Linear Unit: Meter (1.000000)</csUnits><projcsn Sync="TRUE">CH1903_LV03</projcsn><peXml Sync="TRUE">&lt;ProjectedCoordinateSystem xsi:type='typens:ProjectedCoordinateSystem' xmlns:xsi='http://www.w3.org/2001/XMLSchema-instance' xmlns:xs='http://www.w3.org/2001/XMLSchema' xmlns:typens='http://www.esri.com/schemas/ArcGIS/10.4'&gt;&lt;WKT&gt;PROJCS[&amp;quot;CH1903_LV03&amp;quot;,GEOGCS[&amp;quot;GCS_CH1903&amp;quot;,DATUM[&amp;quot;D_CH1903&amp;quot;,SPHEROID[&amp;quot;Bessel_1841&amp;quot;,6377397.155,299.1528128]],PRIMEM[&amp;quot;Greenwich&amp;quot;,0.0],UNIT[&amp;quot;Degree&amp;quot;,0.0174532925199433]],PROJECTION[&amp;quot;Hotine_Oblique_Mercator_Azimuth_Center&amp;quot;],PARAMETER[&amp;quot;False_Easting&amp;quot;,600000.0],PARAMETER[&amp;quot;False_Northing&amp;quot;,200000.0],PARAMETER[&amp;quot;Scale_Factor&amp;quot;,1.0],PARAMETER[&amp;quot;Azimuth&amp;quot;,90.0],PARAMETER[&amp;quot;Longitude_Of_Center&amp;quot;,7.439583333333333],PARAMETER[&amp;quot;Latitude_Of_Center&amp;quot;,46.95240555555556],UNIT[&amp;quot;Meter&amp;quot;,1.0],AUTHORITY[&amp;quot;EPSG&amp;quot;,21781]]&lt;/WKT&gt;&lt;XOrigin&gt;-29386400&lt;/XOrigin&gt;&lt;YOrigin&gt;-33067900&lt;/YOrigin&gt;&lt;XYScale&gt;140996569.55187955&lt;/XYScale&gt;&lt;ZOrigin&gt;-100000&lt;/ZOrigin&gt;&lt;ZScale&gt;10000&lt;/ZScale&gt;&lt;MOrigin&gt;-100000&lt;/MOrigin&gt;&lt;MScale&gt;10000&lt;/MScale&gt;&lt;XYTolerance&gt;0.001&lt;/XYTolerance&gt;&lt;ZTolerance&gt;0.001&lt;/ZTolerance&gt;&lt;MTolerance&gt;0.001&lt;/MTolerance&gt;&lt;HighPrecision&gt;true&lt;/HighPrecision&gt;&lt;WKID&gt;21781&lt;/WKID&gt;&lt;LatestWKID&gt;21781&lt;/LatestWKID&gt;&lt;/ProjectedCoordinateSystem&gt;</peXml></coordRef><lineage><Process ToolSource="c:\program files (x86)\arcgis\desktop10.1\ArcToolbox\Toolboxes\Data Management Tools.tbx\CopyFeatures" Date="20130228" Time="173609">CopyFeatures "C:\Users\Jimeno Fonseca\Documents\ArcGIS\Important features\Siemens_Bau_2012.shp" C:\ArcGIS\Potentials.gdb\Buildings\Siemens_Bau_2012 # 0 0 0</Process><Process ToolSource="c:\program files (x86)\arcgis\desktop10.1\ArcToolbox\Toolboxes\Data Management Tools.tbx\CalculateField" Date="20130423" Time="141659">CalculateField Siemens_Bau_2012 Names [Name] VB #</Process><Process Name="Join Field" ToolSource="c:\program files (x86)\arcgis\desktop10.1\ArcToolbox\Toolboxes\Data Management Tools.tbx\JoinField" Date="20130430" Time="113024">JoinField C:\ArcGIS\Potentials.gdb\Buildings\Siemens_Bau_2012 Name C:\ArcGIS\Potentials.gdb\Siemens_EPV_T Name Name;P;Year;C_IX;C_VI;C_III;Ae;RH;DHW;H;PH;RC;PC;SC;AL;V;IE;CA;NG;F20;GHGt_ton;Ep_GJ;Epno_GJ;F24;GHGt_kgm2;Ep_MJm2;Epno_MJm2;F28;End_useheat;Minergie;Gutzwiller</Process><Process Name="Join Field" ToolSource="c:\program files (x86)\arcgis\desktop10.1\ArcToolbox\Toolboxes\Data Management Tools.tbx\JoinField" Date="20130430" Time="114155">JoinField C:\ArcGIS\Potentials.gdb\Buildings\Siemens_Bau_2012 Name C:\ArcGIS\Potentials.gdb\Siemens_EPV_T Name #</Process><Process Name="Join Field" ToolSource="c:\program files (x86)\arcgis\desktop10.1\ArcToolbox\Toolboxes\Data Management Tools.tbx\JoinField" Date="20130430" Time="131820">JoinField C:\ArcGIS\Potentials.gdb\Buildings\Siemens_Bau_2012 Name C:\ArcGIS\Potentials.gdb\Siemens_EPV_T Name #</Process><Process Name="Join Field" ToolSource="c:\program files (x86)\arcgis\desktop10.1\ArcToolbox\Toolboxes\Data Management Tools.tbx\JoinField" Date="20130430" Time="132228">JoinField C:\ArcGIS\Potentials.gdb\Buildings\Siemens_Bau_2012 Name C:\ArcGIS\Potentials.gdb\Siemens_EPV_T Name #</Process><Process Name="Join Field" ToolSource="c:\program files (x86)\arcgis\desktop10.1\ArcToolbox\Toolboxes\Data Management Tools.tbx\JoinField" Date="20130430" Time="135132">JoinField C:\ArcGIS\Potentials.gdb\Buildings\Siemens_Bau_2012 Name C:\ArcGIS\Potentials.gdb\Siemens_EPV_T Name #</Process><Process Name="Join Field" ToolSource="c:\program files (x86)\arcgis\desktop10.1\ArcToolbox\Toolboxes\Data Management Tools.tbx\JoinField" Date="20130430" Time="135513">JoinField C:\ArcGIS\Potentials.gdb\Buildings\Siemens_Bau_2012 Name C:\ArcGIS\Potentials.gdb\Siemens_EPV_T Name #</Process><Process Name="Join Field" ToolSource="c:\program files (x86)\arcgis\desktop10.1\ArcToolbox\Toolboxes\Data Management Tools.tbx\JoinField" Date="20130430" Time="140116">JoinField C:\ArcGIS\Potentials.gdb\Buildings\Siemens_Bau_2012 Name C:\ArcGIS\Potentials.gdb\Siemens_EPV_T Name #</Process><Process Name="Join Field" ToolSource="c:\program files (x86)\arcgis\desktop10.1\ArcToolbox\Toolboxes\Data Management Tools.tbx\JoinField" Date="20130430" Time="140228">JoinField C:\ArcGIS\Potentials.gdb\Buildings\Siemens_Bau_2012 Name C:\ArcGIS\Potentials.gdb\Siemens_EPV_T Name #</Process><Process ToolSource="c:\program files (x86)\arcgis\desktop10.1\ArcToolbox\Toolboxes\Data Management Tools.tbx\Merge" Date="20130711" Time="105940">Merge C:\ArcGIS\Potentials.gdb\Buildings\Siemens_2013;C:\ArcGIS\Potentials.gdb\Buildings\Neighbors_2013;C:\ArcGIS\Potentials.gdb\Buildings\Zug_kanton__2012 C:\ArcGIS\Potentials.gdb\Siemens_Neighbors_Merge "height "height" true true false 8 Double 0 0 ,First,#,C:\ArcGIS\Potentials.gdb\Buildings\Siemens_2013,height,-1,-1,C:\ArcGIS\Potentials.gdb\Buildings\Neighbors_2013,height,-1,-1,C:\ArcGIS\Potentials.gdb\Buildings\Zug_kanton__2012,height,-1,-1;Name "Name" true true false 50 Text 0 0 ,First,#,C:\ArcGIS\Potentials.gdb\Buildings\Siemens_2013,Name,-1,-1,C:\ArcGIS\Potentials.gdb\Buildings\Neighbors_2013,Name,-1,-1,C:\ArcGIS\Potentials.gdb\Buildings\Zug_kanton__2012,Name,-1,-1;Shape_Length "Shape_Length" false true true 8 Double 0 0 ,First,#,C:\ArcGIS\Potentials.gdb\Buildings\Siemens_2013,Shape_Length,-1,-1,C:\ArcGIS\Potentials.gdb\Buildings\Neighbors_2013,Shape_Length,-1,-1,C:\ArcGIS\Potentials.gdb\Buildings\Zug_kanton__2012,Shape_Length,-1,-1;Shape_Area "Shape_Area" false true true 8 Double 0 0 ,First,#,C:\ArcGIS\Potentials.gdb\Buildings\Siemens_2013,Shape_Area,-1,-1,C:\ArcGIS\Potentials.gdb\Buildings\Neighbors_2013,Shape_Area,-1,-1,C:\ArcGIS\Potentials.gdb\Buildings\Zug_kanton__2012,Shape_Area,-1,-1;P "P" true true false 8 Double 0 0 ,First,#,C:\ArcGIS\Potentials.gdb\Buildings\Siemens_2013,P,-1,-1,C:\ArcGIS\Potentials.gdb\Buildings\Zug_kanton__2012,P,-1,-1;Year "Year" true true false 8 Double 0 0 ,First,#,C:\ArcGIS\Potentials.gdb\Buildings\Siemens_2013,Year,-1,-1,C:\ArcGIS\Potentials.gdb\Buildings\Neighbors_2013,Year,-1,-1,C:\ArcGIS\Potentials.gdb\Buildings\Zug_kanton__2012,Year,-1,-1;C_IX "C_IX" true true false 8 Double 0 0 ,First,#,C:\ArcGIS\Potentials.gdb\Buildings\Siemens_2013,C_IX,-1,-1,C:\ArcGIS\Potentials.gdb\Buildings\Zug_kanton__2012,C_IX,-1,-1;C_VI "C_VI" true true false 8 Double 0 0 ,First,#,C:\ArcGIS\Potentials.gdb\Buildings\Siemens_2013,C_VI,-1,-1,C:\ArcGIS\Potentials.gdb\Buildings\Zug_kanton__2012,C_VI,-1,-1;C_III "C_III" true true false 8 Double 0 0 ,First,#,C:\ArcGIS\Potentials.gdb\Buildings\Siemens_2013,C_III,-1,-1,C:\ArcGIS\Potentials.gdb\Buildings\Zug_kanton__2012,C_III,-1,-1;Floors "Floors" true true false 8 Double 0 0 ,First,#,C:\ArcGIS\Potentials.gdb\Buildings\Neighbors_2013,Floors,-1,-1,C:\ArcGIS\Potentials.gdb\Buildings\Zug_kanton__2012,Floors,-1,-1;Notes "Notes" true true false 50 Text 0 0 ,First,#,C:\ArcGIS\Potentials.gdb\Buildings\Neighbors_2013,Notes,-1,-1,C:\ArcGIS\Potentials.gdb\Buildings\Zug_kanton__2012,Notes,-1,-1;Hs "Hs" true true false 8 Double 0 0 ,First,#,C:\ArcGIS\Potentials.gdb\Buildings\Neighbors_2013,Hs,-1,-1,C:\ArcGIS\Potentials.gdb\Buildings\Zug_kanton__2012,Hs,-1,-1;ZONENCODE "ZONENCODE" true true false 255 Text 0 0 ,First,#,C:\ArcGIS\Potentials.gdb\Buildings\Neighbors_2013,ZONENCODE,-1,-1,C:\ArcGIS\Potentials.gdb\Buildings\Zug_kanton__2012,ZONENCODE,-1,-1;Residential "Residential" true true false 8 Double 0 0 ,First,#,C:\ArcGIS\Potentials.gdb\Buildings\Neighbors_2013,Residential,-1,-1,C:\ArcGIS\Potentials.gdb\Buildings\Zug_kanton__2012,Residential,-1,-1;Services "Services" true true false 8 Double 0 0 ,First,#,C:\ArcGIS\Potentials.gdb\Buildings\Neighbors_2013,Services,-1,-1,C:\ArcGIS\Potentials.gdb\Buildings\Zug_kanton__2012,Services,-1,-1;Industrial "Industrial" true true false 8 Double 0 0 ,First,#,C:\ArcGIS\Potentials.gdb\Buildings\Neighbors_2013,Industrial,-1,-1,C:\ArcGIS\Potentials.gdb\Buildings\Zug_kanton__2012,Industrial,-1,-1;ADMIN "ADMIN" true true false 8 Double 0 0 ,First,#,C:\ArcGIS\Potentials.gdb\Buildings\Neighbors_2013,ADMIN,-1,-1,C:\ArcGIS\Potentials.gdb\Buildings\Zug_kanton__2012,ADMIN,-1,-1;HOT "HOT" true true false 8 Double 0 0 ,First,#,C:\ArcGIS\Potentials.gdb\Buildings\Neighbors_2013,HOT,-1,-1,C:\ArcGIS\Potentials.gdb\Buildings\Zug_kanton__2012,HOT,-1,-1;MDU "MDU" true true false 8 Double 0 0 ,First,#,C:\ArcGIS\Potentials.gdb\Buildings\Neighbors_2013,MDU,-1,-1,C:\ArcGIS\Potentials.gdb\Buildings\Zug_kanton__2012,MDU,-1,-1;SDU "SDU" true true false 8 Double 0 0 ,First,#,C:\ArcGIS\Potentials.gdb\Buildings\Neighbors_2013,SDU,-1,-1,C:\ArcGIS\Potentials.gdb\Buildings\Zug_kanton__2012,SDU,-1,-1;SR "SR" true true false 8 Double 0 0 ,First,#,C:\ArcGIS\Potentials.gdb\Buildings\Neighbors_2013,SR,-1,-1,C:\ArcGIS\Potentials.gdb\Buildings\Zug_kanton__2012,SR,-1,-1;EDU "EDU" true true false 8 Double 0 0 ,First,#,C:\ArcGIS\Potentials.gdb\Buildings\Neighbors_2013,EDU,-1,-1,C:\ArcGIS\Potentials.gdb\Buildings\Zug_kanton__2012,EDU,-1,-1;COM "COM" true true false 8 Double 0 0 ,First,#,C:\ArcGIS\Potentials.gdb\Buildings\Neighbors_2013,COM,-1,-1,C:\ArcGIS\Potentials.gdb\Buildings\Zug_kanton__2012,COM,-1,-1;CR "CR" true true false 8 Double 0 0 ,First,#,C:\ArcGIS\Potentials.gdb\Buildings\Neighbors_2013,CR,-1,-1,C:\ArcGIS\Potentials.gdb\Buildings\Zug_kanton__2012,CR,-1,-1;REST "REST" true true false 8 Double 0 0 ,First,#,C:\ArcGIS\Potentials.gdb\Buildings\Neighbors_2013,REST,-1,-1,C:\ArcGIS\Potentials.gdb\Buildings\Zug_kanton__2012,REST,-1,-1;HEALTH "HEALTH" true true false 8 Double 0 0 ,First,#,C:\ArcGIS\Potentials.gdb\Buildings\Neighbors_2013,HEALTH,-1,-1,C:\ArcGIS\Potentials.gdb\Buildings\Zug_kanton__2012,HEALTH,-1,-1;INDUS "INDUS" true true false 8 Double 0 0 ,First,#,C:\ArcGIS\Potentials.gdb\Buildings\Neighbors_2013,INDUS,-1,-1,C:\ArcGIS\Potentials.gdb\Buildings\Zug_kanton__2012,INDUS,-1,-1;SPORT "SPORT" true true false 8 Double 0 0 ,First,#,C:\ArcGIS\Potentials.gdb\Buildings\Neighbors_2013,SPORT,-1,-1,C:\ArcGIS\Potentials.gdb\Buildings\Zug_kanton__2012,SPORT,-1,-1;SWIM "SWIM" true true false 8 Double 0 0 ,First,#,C:\ArcGIS\Potentials.gdb\Buildings\Neighbors_2013,SWIM,-1,-1,C:\ArcGIS\Potentials.gdb\Buildings\Zug_kanton__2012,SWIM,-1,-1;PUBLIC "PUBLIC" true true false 8 Double 0 0 ,First,#,C:\ArcGIS\Potentials.gdb\Buildings\Neighbors_2013,PUBLIC,-1,-1,C:\ArcGIS\Potentials.gdb\Buildings\Zug_kanton__2012,PUBLIC,-1,-1;DEPO "DEPO" true true false 8 Double 0 0 ,First,#,C:\ArcGIS\Potentials.gdb\Buildings\Neighbors_2013,DEPO,-1,-1,C:\ArcGIS\Potentials.gdb\Buildings\Zug_kanton__2012,DEPO,-1,-1;SUPER "SUPER" true true false 8 Double 0 0 ,First,#,C:\ArcGIS\Potentials.gdb\Buildings\Neighbors_2013,SUPER,-1,-1,C:\ArcGIS\Potentials.gdb\Buildings\Zug_kanton__2012,SUPER,-1,-1;ICE "ICE" true true false 8 Double 0 0 ,First,#,C:\ArcGIS\Potentials.gdb\Buildings\Neighbors_2013,ICE,-1,-1,C:\ArcGIS\Potentials.gdb\Buildings\Zug_kanton__2012,ICE,-1,-1;TID "TID" true true false 20 Text 0 0 ,First,#,C:\ArcGIS\Potentials.gdb\Buildings\Zug_kanton__2012,TID,-1,-1;Shape_Leng "Shape_Leng" true true false 8 Double 0 0 ,First,#,C:\ArcGIS\Potentials.gdb\Buildings\Zug_kanton__2012,Shape_Leng,-1,-1;OBJECTID_1 "OBJECTID" true false false 4 Long 0 0 ,First,#,C:\ArcGIS\Potentials.gdb\Buildings\Zug_kanton__2012,OBJECTID_1,-1,-1;Year_1 "Year" true true false 8 Double 0 0 ,First,#,C:\ArcGIS\Potentials.gdb\Buildings\Zug_kanton__2012,Year_1,-1,-1;Floors_1 "Floors" true true false 8 Double 0 0 ,First,#,C:\ArcGIS\Potentials.gdb\Buildings\Zug_kanton__2012,Floors_1,-1,-1;Notes_1 "Notes" true true false 50 Text 0 0 ,First,#,C:\ArcGIS\Potentials.gdb\Buildings\Zug_kanton__2012,Notes_1,-1,-1;Hs_1 "Hs" true true false 8 Double 0 0 ,First,#,C:\ArcGIS\Potentials.gdb\Buildings\Zug_kanton__2012,Hs_1,-1,-1;height_1 "height" true true false 8 Double 0 0 ,First,#,C:\ArcGIS\Potentials.gdb\Buildings\Zug_kanton__2012,height_1,-1,-1;ZONENCODE_1 "ZONENCODE" true true false 255 Text 0 0 ,First,#,C:\ArcGIS\Potentials.gdb\Buildings\Zug_kanton__2012,ZONENCODE_1,-1,-1;Residential_1 "Residential" true true false 8 Double 0 0 ,First,#,C:\ArcGIS\Potentials.gdb\Buildings\Zug_kanton__2012,Residential_1,-1,-1;Services_1 "Services" true true false 8 Double 0 0 ,First,#,C:\ArcGIS\Potentials.gdb\Buildings\Zug_kanton__2012,Services_1,-1,-1;Industrial_1 "Industrial" true true false 8 Double 0 0 ,First,#,C:\ArcGIS\Potentials.gdb\Buildings\Zug_kanton__2012,Industrial_1,-1,-1;ADMIN_1 "ADMIN" true true false 8 Double 0 0 ,First,#,C:\ArcGIS\Potentials.gdb\Buildings\Zug_kanton__2012,ADMIN_1,-1,-1;HOT_1 "HOT" true true false 8 Double 0 0 ,First,#,C:\ArcGIS\Potentials.gdb\Buildings\Zug_kanton__2012,HOT_1,-1,-1;MDU_1 "MDU" true true false 8 Double 0 0 ,First,#,C:\ArcGIS\Potentials.gdb\Buildings\Zug_kanton__2012,MDU_1,-1,-1;SDU_1 "SDU" true true false 8 Double 0 0 ,First,#,C:\ArcGIS\Potentials.gdb\Buildings\Zug_kanton__2012,SDU_1,-1,-1;SR_1 "SR" true true false 8 Double 0 0 ,First,#,C:\ArcGIS\Potentials.gdb\Buildings\Zug_kanton__2012,SR_1,-1,-1;EDU_1 "EDU" true true false 8 Double 0 0 ,First,#,C:\ArcGIS\Potentials.gdb\Buildings\Zug_kanton__2012,EDU_1,-1,-1;COM_1 "COM" true true false 8 Double 0 0 ,First,#,C:\ArcGIS\Potentials.gdb\Buildings\Zug_kanton__2012,COM_1,-1,-1;CR_1 "CR" true true false 8 Double 0 0 ,First,#,C:\ArcGIS\Potentials.gdb\Buildings\Zug_kanton__2012,CR_1,-1,-1;REST_1 "REST" true true false 8 Double 0 0 ,First,#,C:\ArcGIS\Potentials.gdb\Buildings\Zug_kanton__2012,REST_1,-1,-1;HEALTH_1 "HEALTH" true true false 8 Double 0 0 ,First,#,C:\ArcGIS\Potentials.gdb\Buildings\Zug_kanton__2012,HEALTH_1,-1,-1;INDUS_1 "INDUS" true true false 8 Double 0 0 ,First,#,C:\ArcGIS\Potentials.gdb\Buildings\Zug_kanton__2012,INDUS_1,-1,-1;SPORT_1 "SPORT" true true false 8 Double 0 0 ,First,#,C:\ArcGIS\Potentials.gdb\Buildings\Zug_kanton__2012,SPORT_1,-1,-1;SWIM_1 "SWIM" true true false 8 Double 0 0 ,First,#,C:\ArcGIS\Potentials.gdb\Buildings\Zug_kanton__2012,SWIM_1,-1,-1;PUBLIC_1 "PUBLIC" true true false 8 Double 0 0 ,First,#,C:\ArcGIS\Potentials.gdb\Buildings\Zug_kanton__2012,PUBLIC_1,-1,-1;DEPO_1 "DEPO" true true false 8 Double 0 0 ,First,#,C:\ArcGIS\Potentials.gdb\Buildings\Zug_kanton__2012,DEPO_1,-1,-1;SUPER_1 "SUPER" true true false 8 Double 0 0 ,First,#,C:\ArcGIS\Potentials.gdb\Buildings\Zug_kanton__2012,SUPER_1,-1,-1;ICE_1 "ICE" true true false 8 Double 0 0 ,First,#,C:\ArcGIS\Potentials.gdb\Buildings\Zug_kanton__2012,ICE_1,-1,-1;Name_1 "Name" true true false 50 Text 0 0 ,First,#,C:\ArcGIS\Potentials.gdb\Buildings\Zug_kanton__2012,Name_1,-1,-1;ORIG_FID "ORIG_FID" true true false 4 Long 0 0 ,First,#,C:\ArcGIS\Potentials.gdb\Buildings\Zug_kanton__2012,ORIG_FID,-1,-1;P_1 "P" true true false 8 Double 0 0 ,First,#,C:\ArcGIS\Potentials.gdb\Buildings\Zug_kanton__2012,P_1,-1,-1;C_IX_1 "C_IX" true true false 8 Double 0 0 ,First,#,C:\ArcGIS\Potentials.gdb\Buildings\Zug_kanton__2012,C_IX_1,-1,-1;C_VI_1 "C_VI" true true false 8 Double 0 0 ,First,#,C:\ArcGIS\Potentials.gdb\Buildings\Zug_kanton__2012,C_VI_1,-1,-1;C_III_1 "C_III" true true false 8 Double 0 0 ,First,#,C:\ArcGIS\Potentials.gdb\Buildings\Zug_kanton__2012,C_III_1,-1,-1;Name_12 "Name" true true false 255 Text 0 0 ,First,#,C:\ArcGIS\Potentials.gdb\Buildings\Zug_kanton__2012,Name_12,-1,-1;E_MWh "E_MWh" true true false 8 Double 0 0 ,First,#,C:\ArcGIS\Potentials.gdb\Buildings\Zug_kanton__2012,E_MWh,-1,-1;QT_MWh "QT_MWh" true true false 8 Double 0 0 ,First,#,C:\ArcGIS\Potentials.gdb\Buildings\Zug_kanton__2012,QT_MWh,-1,-1;Qc_MWh "Qc_MWh" true true false 8 Double 0 0 ,First,#,C:\ArcGIS\Potentials.gdb\Buildings\Zug_kanton__2012,Qc_MWh,-1,-1;Qe_MWh "Qe_MWh" true true false 8 Double 0 0 ,First,#,C:\ArcGIS\Potentials.gdb\Buildings\Zug_kanton__2012,Qe_MWh,-1,-1;Qh_MWh "Qh_MWh" true true false 8 Double 0 0 ,First,#,C:\ArcGIS\Potentials.gdb\Buildings\Zug_kanton__2012,Qh_MWh,-1,-1;Qhw_MWh "Qhw_MWh" true true false 8 Double 0 0 ,First,#,C:\ArcGIS\Potentials.gdb\Buildings\Zug_kanton__2012,Qhw_MWh,-1,-1;Qww_MWh "Qww_MWh" true true false 8 Double 0 0 ,First,#,C:\ArcGIS\Potentials.gdb\Buildings\Zug_kanton__2012,Qww_MWh,-1,-1;Source "Source" true true false 255 Text 0 0 ,First,#,C:\ArcGIS\Potentials.gdb\Buildings\Zug_kanton__2012,Source,-1,-1"</Process><Process ToolSource="c:\program files (x86)\arcgis\desktop10.1\ArcToolbox\Toolboxes\Data Management Tools.tbx\CopyFeatures" Date="20130711" Time="110404">CopyFeatures C:\ArcGIS\Potentials.gdb\Siemens_Neighbors_Merge C:\ArcGIS\EDM.gdb\RawData\Siemens_Neighbors_Merge # 0 0 0</Process><Process ToolSource="c:\program files (x86)\arcgis\desktop10.1\ArcToolbox\Toolboxes\Data Management Tools.tbx\DeleteField" Date="20130711" Time="115125">DeleteField C:\ArcGIS\EDM.gdb\RawData\Context P;Notes;ZONENCODE;Residential;Services;Industrial;TID;OBJECTID_1;Year_1;Floors_1;Notes_1;Hs_1;height_1;ZONENCODE_1;Residential_1;Services_1;Industrial_1;ADMIN_1;HOT_1;MDU_1;SDU_1;SR_1;EDU_1;COM_1;CR_1;REST_1;HEALTH_1;INDUS_1;SPORT_1;SWIM_1;PUBLIC_1;DEPO_1;SUPER_1;ICE_1;Name_1;ORIG_FID;P_1;C_IX_1;C_VI_1;C_III_1;Name_12;E_MWh;QT_MWh;Qc_MWh;Qe_MWh;Qh_MWh;Qhw_MWh;Qww_MWh;Source</Process><Process ToolSource="c:\program files (x86)\arcgis\desktop10.1\ArcToolbox\Toolboxes\Data Management Tools.tbx\CalculateField" Date="20130711" Time="125633">CalculateField Context Name2 "[OBJECTID] " VB #</Process><Process ToolSource="c:\program files (x86)\arcgis\desktop10.1\ArcToolbox\Toolboxes\Data Management Tools.tbx\CalculateField" Date="20130711" Time="125655">CalculateField Context Name "[Name] &amp;"n"" VB #</Process><Process ToolSource="c:\program files (x86)\arcgis\desktop10.1\ArcToolbox\Toolboxes\Data Management Tools.tbx\CalculateField" Date="20130711" Time="125709">CalculateField Context Name "[Name2] &amp;"n"" VB #</Process><Process ToolSource="c:\program files (x86)\arcgis\desktop10.1\ArcToolbox\Toolboxes\Data Management Tools.tbx\CalculateField" Date="20130718" Time="131345">CalculateField Context ICE 0 VB #</Process><Process ToolSource="c:\program files (x86)\arcgis\desktop10.1\ArcToolbox\Toolboxes\Data Management Tools.tbx\CalculateField" Date="20130718" Time="131349">CalculateField Context SUPER 0 VB #</Process><Process ToolSource="c:\program files (x86)\arcgis\desktop10.1\ArcToolbox\Toolboxes\Data Management Tools.tbx\CalculateField" Date="20130718" Time="131352">CalculateField Context DEPO 0 VB #</Process><Process ToolSource="c:\program files (x86)\arcgis\desktop10.1\ArcToolbox\Toolboxes\Data Management Tools.tbx\CalculateField" Date="20130718" Time="131356">CalculateField Context PUBLIC 0 VB #</Process><Process ToolSource="c:\program files (x86)\arcgis\desktop10.1\ArcToolbox\Toolboxes\Data Management Tools.tbx\CalculateField" Date="20130718" Time="131359">CalculateField Context SWIM 0 VB #</Process><Process ToolSource="c:\program files (x86)\arcgis\desktop10.1\ArcToolbox\Toolboxes\Data Management Tools.tbx\CalculateField" Date="20130718" Time="131402">CalculateField Context SPORT 0 VB #</Process><Process ToolSource="c:\program files (x86)\arcgis\desktop10.1\ArcToolbox\Toolboxes\Data Management Tools.tbx\CalculateField" Date="20130718" Time="131405">CalculateField Context INDUS 0 VB #</Process><Process ToolSource="c:\program files (x86)\arcgis\desktop10.1\ArcToolbox\Toolboxes\Data Management Tools.tbx\CalculateField" Date="20130718" Time="131409">CalculateField Context HEALTH 0 VB #</Process><Process ToolSource="c:\program files (x86)\arcgis\desktop10.1\ArcToolbox\Toolboxes\Data Management Tools.tbx\CalculateField" Date="20130718" Time="131412">CalculateField Context REST 0 VB #</Process><Process ToolSource="c:\program files (x86)\arcgis\desktop10.1\ArcToolbox\Toolboxes\Data Management Tools.tbx\CalculateField" Date="20130718" Time="131416">CalculateField Context CR 0 VB #</Process><Process ToolSource="c:\program files (x86)\arcgis\desktop10.1\ArcToolbox\Toolboxes\Data Management Tools.tbx\CalculateField" Date="20130718" Time="131419">CalculateField Context COM 0 VB #</Process><Process ToolSource="c:\program files (x86)\arcgis\desktop10.1\ArcToolbox\Toolboxes\Data Management Tools.tbx\CalculateField" Date="20130718" Time="131422">CalculateField Context EDU 0 VB #</Process><Process ToolSource="c:\program files (x86)\arcgis\desktop10.1\ArcToolbox\Toolboxes\Data Management Tools.tbx\CalculateField" Date="20130718" Time="131428">CalculateField Context SR 0 VB #</Process><Process ToolSource="c:\program files (x86)\arcgis\desktop10.1\ArcToolbox\Toolboxes\Data Management Tools.tbx\CalculateField" Date="20130718" Time="131430">CalculateField Context SDU 0 VB #</Process><Process ToolSource="c:\program files (x86)\arcgis\desktop10.1\ArcToolbox\Toolboxes\Data Management Tools.tbx\CalculateField" Date="20130718" Time="131433">CalculateField Context MDU 0 VB #</Process><Process ToolSource="c:\program files (x86)\arcgis\desktop10.1\ArcToolbox\Toolboxes\Data Management Tools.tbx\CalculateField" Date="20130718" Time="131436">CalculateField Context HOT 0 VB #</Process><Process ToolSource="c:\program files (x86)\arcgis\desktop10.1\ArcToolbox\Toolboxes\Data Management Tools.tbx\CalculateField" Date="20130718" Time="131439">CalculateField Context ADMIN 0 VB #</Process><Process ToolSource="c:\program files (x86)\arcgis\desktop10.1\ArcToolbox\Toolboxes\Data Management Tools.tbx\CalculateField" Date="20130718" Time="131443">CalculateField Context Hs 0 VB #</Process><Process ToolSource="c:\program files (x86)\arcgis\desktop10.1\ArcToolbox\Toolboxes\Data Management Tools.tbx\CalculateField" Date="20130718" Time="131450">CalculateField Context Floors 0 VB #</Process><Process ToolSource="c:\program files (x86)\arcgis\desktop10.1\ArcToolbox\Toolboxes\Data Management Tools.tbx\CalculateField" Date="20130729" Time="155416">CalculateField Context Renovated No VB #</Process><Process ToolSource="c:\program files (x86)\arcgis\desktop10.1\ArcToolbox\Toolboxes\Data Management Tools.tbx\CalculateField" Date="20130729" Time="155437">CalculateField Context Renovated "No" VB #</Process><Process ToolSource="c:\program files (x86)\arcgis\desktop10.1\ArcToolbox\Toolboxes\Data Management Tools.tbx\CalculateField" Date="20130729" Time="155522">CalculateField Context Renovated Yes VB #</Process><Process ToolSource="c:\program files (x86)\arcgis\desktop10.1\ArcToolbox\Toolboxes\Data Management Tools.tbx\CalculateField" Date="20130729" Time="155529">CalculateField Context Renovated "Yes" VB #</Process><Process ToolSource="c:\program files (x86)\arcgis\desktop10.1\ArcToolbox\Toolboxes\Data Management Tools.tbx\CalculateField" Date="20130729" Time="160923">CalculateField Context Renovated "Yes" VB #</Process><Process ToolSource="c:\program files (x86)\arcgis\desktop10.1\ArcToolbox\Toolboxes\Data Management Tools.tbx\CalculateField" Date="20130731" Time="092219">CalculateField Context Hs 0 VB #</Process><Process ToolSource="c:\program files (x86)\arcgis\desktop10.1\ArcToolbox\Toolboxes\Data Management Tools.tbx\CalculateField" Date="20130731" Time="092521">CalculateField Context Hs 0.9 VB #</Process><Process ToolSource="c:\program files (x86)\arcgis\desktop10.1\ArcToolbox\Toolboxes\Data Management Tools.tbx\CalculateField" Date="20130731" Time="092554">CalculateField Context Floors 1 VB #</Process><Process ToolSource="c:\program files (x86)\arcgis\desktop10.1\ArcToolbox\Toolboxes\Data Management Tools.tbx\CalculateField" Date="20130731" Time="092736">CalculateField Context MDU 0 VB #</Process><Process ToolSource="c:\program files (x86)\arcgis\desktop10.1\ArcToolbox\Toolboxes\Data Management Tools.tbx\CalculateField" Date="20130731" Time="092801">CalculateField Context ADMIN 1 VB #</Process><Process ToolSource="c:\program files (x86)\arcgis\desktop10.1\ArcToolbox\Toolboxes\Data Management Tools.tbx\CalculateField" Date="20130731" Time="092807">CalculateField Context height 3 VB #</Process><Process ToolSource="c:\program files (x86)\arcgis\desktop10.1\ArcToolbox\Toolboxes\Data Management Tools.tbx\CalculateField" Date="20130731" Time="092946">CalculateField Context height 3 VB #</Process><Process ToolSource="c:\program files (x86)\arcgis\desktop10.1\ArcToolbox\Toolboxes\Data Management Tools.tbx\CalculateField" Date="20130731" Time="093042">CalculateField Context height 3 VB #</Process><Process ToolSource="c:\program files (x86)\arcgis\desktop10.1\ArcToolbox\Toolboxes\Data Management Tools.tbx\CalculateField" Date="20130731" Time="094826">CalculateField Context Hs 0.85 VB #</Process><Process ToolSource="c:\program files (x86)\arcgis\desktop10.1\ArcToolbox\Toolboxes\Data Management Tools.tbx\CalculateField" Date="20130731" Time="102707">CalculateField Context MDU 0.98 VB #</Process><Process ToolSource="c:\program files (x86)\arcgis\desktop10.1\ArcToolbox\Toolboxes\Data Management Tools.tbx\CalculateField" Date="20130731" Time="102711">CalculateField Context COM 0.02 VB #</Process><Process ToolSource="c:\program files (x86)\arcgis\desktop10.1\ArcToolbox\Toolboxes\Data Management Tools.tbx\JoinField" Date="20130812" Time="172438">JoinField Context Name Context_MinimumBoundingGeome Name MBG_Width;MBG_Length</Process><Process ToolSource="c:\program files (x86)\arcgis\desktop10.1\ArcToolbox\Toolboxes\Data Management Tools.tbx\CalculateField" Date="20130826" Time="094734">CalculateField Context Shading_Position 1 VB #</Process><Process ToolSource="c:\program files (x86)\arcgis\desktop10.1\ArcToolbox\Toolboxes\Data Management Tools.tbx\CalculateField" Date="20130826" Time="094752">CalculateField Context Shading_Type 0 VB #</Process><Process ToolSource="c:\program files (x86)\arcgis\desktop10.1\ArcToolbox\Toolboxes\Data Management Tools.tbx\CalculateField" Date="20130826" Time="115009">CalculateField Context PFloor 1 VB #</Process><Process ToolSource="c:\program files (x86)\arcgis\desktop10.1\ArcToolbox\Toolboxes\Data Management Tools.tbx\CalculateField" Date="20130826" Time="115141">CalculateField "Context selection" PFloor 0.2 VB #</Process><Process ToolSource="c:\program files (x86)\arcgis\desktop10.1\ArcToolbox\Toolboxes\Data Management Tools.tbx\CalculateField" Date="20130826" Time="115305">CalculateField "Context selection selection" PFloor 0.8 VB #</Process><Process ToolSource="c:\program files (x86)\arcgis\desktop10.1\ArcToolbox\Toolboxes\Data Management Tools.tbx\CalculateField" Date="20130826" Time="115350">CalculateField "Context selection selection" PFloor 0.95 VB #</Process><Process ToolSource="c:\program files (x86)\arcgis\desktop10.1\ArcToolbox\Toolboxes\Data Management Tools.tbx\CalculateField" Date="20130826" Time="115413">CalculateField "Context selection selection" PFloor 0.4 VB #</Process><Process ToolSource="c:\program files (x86)\arcgis\desktop10.1\ArcToolbox\Toolboxes\Data Management Tools.tbx\CalculateField" Date="20130826" Time="125023">CalculateField "Context selection selection" MDU 0.9 VB #</Process><Process ToolSource="c:\program files (x86)\arcgis\desktop10.1\ArcToolbox\Toolboxes\Data Management Tools.tbx\CalculateField" Date="20130826" Time="125029">CalculateField "Context selection selection" DEPO 0.1 VB #</Process><Process ToolSource="c:\program files (x86)\arcgis\desktop10.1\ArcToolbox\Toolboxes\Data Management Tools.tbx\CalculateField" Date="20130826" Time="141413">CalculateField "Context selection" Hs 0.817 VB #</Process><Process ToolSource="c:\program files (x86)\arcgis\desktop10.1\ArcToolbox\Toolboxes\Data Management Tools.tbx\CalculateField" Date="20130826" Time="141428">CalculateField "Context selection" Hs 0.85 VB #</Process><Process ToolSource="c:\program files (x86)\arcgis\desktop10.1\ArcToolbox\Toolboxes\Data Management Tools.tbx\CalculateField" Date="20130826" Time="141449">CalculateField "Context selection" Hs 0 VB #</Process><Process ToolSource="c:\program files (x86)\arcgis\desktop10.1\ArcToolbox\Toolboxes\Data Management Tools.tbx\CalculateField" Date="20130827" Time="142404">CalculateField "Context selection" RESTS 0 VB #</Process><Process ToolSource="c:\program files (x86)\arcgis\desktop10.1\ArcToolbox\Toolboxes\Data Management Tools.tbx\CalculateField" Date="20130827" Time="142442">CalculateField "Context selection" RESTS [REST] VB #</Process><Process ToolSource="c:\program files (x86)\arcgis\desktop10.1\ArcToolbox\Toolboxes\Data Management Tools.tbx\CalculateField" Date="20130827" Time="142448">CalculateField "Context selection" REST 0 VB #</Process><Process ToolSource="c:\program files (x86)\arcgis\desktop10.1\ArcToolbox\Toolboxes\Data Management Tools.tbx\CalculateField" Date="20130827" Time="142527">CalculateField "Context selection" RESTS 0.025 VB #</Process><Process ToolSource="c:\program files (x86)\arcgis\desktop10.1\ArcToolbox\Toolboxes\Data Management Tools.tbx\CalculateField" Date="20130827" Time="142533">CalculateField "Context selection" REST 0.05 VB #</Process><Process ToolSource="c:\program files (x86)\arcgis\desktop10.1\ArcToolbox\Toolboxes\Data Management Tools.tbx\CalculateField" Date="20130827" Time="142539">CalculateField "Context selection" REST 0.025 VB #</Process><Process ToolSource="c:\program files (x86)\arcgis\desktop10.1\ArcToolbox\Toolboxes\Data Management Tools.tbx\CalculateField" Date="20130827" Time="142544">CalculateField "Context selection" RESTS 0.025 VB #</Process><Process ToolSource="c:\program files (x86)\arcgis\desktop10.1\ArcToolbox\Toolboxes\Data Management Tools.tbx\CalculateField" Date="20130827" Time="142547">CalculateField "Context selection" REST 0.025 VB #</Process><Process ToolSource="c:\program files (x86)\arcgis\desktop10.1\ArcToolbox\Toolboxes\Data Management Tools.tbx\CalculateField" Date="20130827" Time="142602">CalculateField "Context selection" RESTS 0.02 VB #</Process><Process ToolSource="c:\program files (x86)\arcgis\desktop10.1\ArcToolbox\Toolboxes\Data Management Tools.tbx\CalculateField" Date="20130827" Time="142607">CalculateField "Context selection" REST 0 VB #</Process><Process ToolSource="c:\program files (x86)\arcgis\desktop10.1\ArcToolbox\Toolboxes\Data Management Tools.tbx\CalculateField" Date="20130829" Time="110339">CalculateField Context Hs 0.4 VB #</Process><Process ToolSource="c:\program files (x86)\arcgis\desktop10.1\ArcToolbox\Toolboxes\Data Management Tools.tbx\CalculateField" Date="20130829" Time="110354">CalculateField Context Hs 0.3 VB #</Process><Process ToolSource="c:\program files (x86)\arcgis\desktop10.1\ArcToolbox\Toolboxes\Data Management Tools.tbx\CalculateField" Date="20130829" Time="124237">CalculateField Context RESTS 0 VB #</Process><Process ToolSource="c:\program files (x86)\arcgis\desktop10.1\ArcToolbox\Toolboxes\Data Management Tools.tbx\CalculateField" Date="20130902" Time="112344">CalculateField Context Hs 0.0001 VB #</Process><Process ToolSource="c:\program files (x86)\arcgis\desktop10.1\ArcToolbox\Toolboxes\Data Management Tools.tbx\CalculateField" Date="20130902" Time="124949">CalculateField Context Hs 0 VB #</Process><Process ToolSource="c:\program files (x86)\arcgis\desktop10.1\ArcToolbox\Toolboxes\Data Management Tools.tbx\CalculateField" Date="20130902" Time="125105">CalculateField Context Hs 0.9 VB #</Process><Process ToolSource="c:\program files (x86)\arcgis\desktop10.1\ArcToolbox\Toolboxes\Data Management Tools.tbx\CalculateField" Date="20131024" Time="101536">CalculateField Context Renovated_1 1990 VB #</Process><Process ToolSource="c:\program files (x86)\arcgis\desktop10.1\ArcToolbox\Toolboxes\Data Management Tools.tbx\CalculateField" Date="20131024" Time="101608">CalculateField Context Renovated 1990 VB #</Process><Process ToolSource="c:\program files (x86)\arcgis\desktop10.1\ArcToolbox\Toolboxes\Data Management Tools.tbx\CalculateField" Date="20131024" Time="101714">CalculateField Context Retrofit 0 VB #</Process><Process ToolSource="c:\program files (x86)\arcgis\desktop10.1\ArcToolbox\Toolboxes\Data Management Tools.tbx\CalculateField" Date="20131024" Time="101742">CalculateField Context Renovated 0 VB #</Process><Process ToolSource="c:\program files (x86)\arcgis\desktop10.1\ArcToolbox\Toolboxes\Data Management Tools.tbx\CalculateField" Date="20131024" Time="101746">CalculateField Context Retrofit 0 VB #</Process><Process ToolSource="c:\program files (x86)\arcgis\desktop10.2\ArcToolbox\Toolboxes\Data Management Tools.tbx\CopyFeatures" Date="20140821" Time="080017">CopyFeatures CTR_lyr c:\ArcGIS\EDM.gdb\SQ\SQAREA # 0 0 0</Process><Process ToolSource="c:\program files (x86)\arcgis\desktop10.3\ArcToolbox\Toolboxes\Data Management Tools.tbx\CalculateField" Date="20160728" Time="172405">CalculateField occupancy HOTEL [HOT] VB #</Process><Process ToolSource="c:\program files (x86)\arcgis\desktop10.3\ArcToolbox\Toolboxes\Data Management Tools.tbx\CalculateField" Date="20160728" Time="172426">CalculateField occupancy COOLROOM [CR] VB #</Process><Process ToolSource="c:\program files (x86)\arcgis\desktop10.3\ArcToolbox\Toolboxes\Data Management Tools.tbx\CalculateField" Date="20160728" Time="172440">CalculateField occupancy PARKING [DEPO] VB #</Process><Process ToolSource="c:\program files (x86)\arcgis\desktop10.3\ArcToolbox\Toolboxes\Data Management Tools.tbx\CalculateField" Date="20160728" Time="172511">CalculateField occupancy SCHOOL [EDU] VB #</Process><Process ToolSource="c:\program files (x86)\arcgis\desktop10.3\ArcToolbox\Toolboxes\Data Management Tools.tbx\CalculateField" Date="20160728" Time="172526">CalculateField occupancy OFFICE [ADMIN] VB #</Process><Process ToolSource="c:\program files (x86)\arcgis\desktop10.3\ArcToolbox\Toolboxes\Data Management Tools.tbx\CalculateField" Date="20160728" Time="172649">CalculateField occupancy INDUSTRIAL [INDUS] VB #</Process><Process ToolSource="c:\program files (x86)\arcgis\desktop10.3\ArcToolbox\Toolboxes\Data Management Tools.tbx\CalculateField" Date="20160728" Time="172806">CalculateField occupancy RESTAURANT [RESTS] VB #</Process><Process ToolSource="c:\program files (x86)\arcgis\desktop10.3\ArcToolbox\Toolboxes\Data Management Tools.tbx\CalculateField" Date="20160728" Time="172901">CalculateField occupancy SERVERROOM [SR] VB #</Process><Process ToolSource="c:\program files (x86)\arcgis\desktop10.4\ArcToolbox\Toolboxes\Data Management Tools.tbx\CalculateField" Date="20161012" Time="152609">CalculateField occupancy2 PFloor 1 VB #</Process><Process ToolSource="c:\program files (x86)\arcgis\desktop10.4\ArcToolbox\Toolboxes\Data Management Tools.tbx\CalculateField" Date="20161012" Time="152637">CalculateField occupancy2 OFFICE 1 VB #</Process></lineage><copyHistory><copy source="C:\reference-case-zug\baseline\inputs\building-geometry\zoneCopy" dest="\\DESKTOP-PAGFQJA\C$\reference-case-zug\baseline\inputs\building-properties\zoneCopy" date="20160728" time="17171000"></copy></copyHistory></DataProperties><SyncDate>20161012</SyncDate><SyncTime>15253500</SyncTime><ModDate>20161012</ModDate><ModTime>15253500</ModTime></Esri><dataIdInfo><envirDesc Sync="TRUE">Microsoft Windows 7 Version 6.1 (Build 7601) Service Pack 1; Esri ArcGIS 10.4.0.5524</envirDesc><dataLang><languageCode value="eng" Sync="TRUE"></languageCode><countryCode value="SGP" Sync="TRUE"></countryCode></dataLang><idCitation><resTitle Sync="TRUE">occupancy2</resTitle><presForm><PresFormCd value="005" Sync="TRUE"></PresFormCd></presForm></idCitation><spatRpType><SpatRepTypCd value="001" Sync="TRUE"></SpatRepTypCd></spatRpType></dataIdInfo><mdLang><languageCode value="eng" Sync="TRUE"></languageCode><countryCode value="SGP" Sync="TRUE"></countryCode></mdLang><distInfo><distFormat><formatName Sync="TRUE">Shapefile</formatName></distFormat><distTranOps><transSize Sync="TRUE">0.000</transSize></distTranOps></distInfo><mdHrLv><ScopeCd value="005" Sync="TRUE"></ScopeCd></mdHrLv><mdHrLvName Sync="TRUE">dataset</mdHrLvName><refSysInfo><RefSystem><refSysID><identCode code="21781" Sync="TRUE"></identCode><idCodeSpace Sync="TRUE">EPSG</idCodeSpace><idVersion Sync="TRUE">8.8(8.1.0)</idVersion></refSysID></RefSystem></refSysInfo><spatRepInfo><VectSpatRep><geometObjs Name="occupancy2"><geoObjTyp><GeoObjTypCd value="002" Sync="TRUE"></GeoObjTypCd></geoObjTyp><geoObjCnt Sync="TRUE">0</geoObjCnt></geometObjs><topLvl><TopoLevCd value="001" Sync="TRUE"></TopoLevCd></topLvl></VectSpatRep></spatRepInfo><spdoinfo><ptvctinf><esriterm Name="occupancy2"><efeatyp Sync="TRUE">Simple</efeatyp><efeageom code="4" Sync="TRUE"></efeageom><esritopo Sync="TRUE">FALSE</esritopo><efeacnt Sync="TRUE">0</efeacnt><spindex Sync="TRUE">FALSE</spindex><linrefer Sync="TRUE">FALSE</linrefer></esriterm></ptvctinf></spdoinfo><eainfo><detailed Name="occupancy2"><enttyp><enttypl Sync="TRUE">occupancy2</enttypl><enttypt Sync="TRUE">Feature Class</enttypt><enttypc Sync="TRUE">0</enttypc></enttyp><attr><attrlabl Sync="TRUE">FID</attrlabl><attalias Sync="TRUE">FID</attalias><attrtype Sync="TRUE">OID</attrtype><attwidth Sync="TRUE">4</attwidth><atprecis Sync="TRUE">0</atprecis><attscale Sync="TRUE">0</attscale><attrdef Sync="TRUE">Internal feature number.</attrdef><attrdefs Sync="TRUE">Esri</attrdefs><attrdomv><udom Sync="TRUE">Sequential unique whole numbers that are automatically generated.</udom></attrdomv></attr><attr><attrlabl Sync="TRUE">Shape</attrlabl><attalias Sync="TRUE">Shape</attalias><attrtype Sync="TRUE">Geometry</attrtype><attwidth Sync="TRUE">0</attwidth><atprecis Sync="TRUE">0</atprecis><attscale Sync="TRUE">0</attscale><attrdef Sync="TRUE">Feature geometry.</attrdef><attrdefs Sync="TRUE">Esri</attrdefs><attrdomv><udom Sync="TRUE">Coordinates defining the features.</udom></attrdomv></attr><attr><attrlabl Sync="TRUE">Name</attrlabl><attalias Sync="TRUE">Name</attalias><attrtype Sync="TRUE">String</attrtype><attwidth Sync="TRUE">50</attwidth><atprecis Sync="TRUE">0</atprecis><attscale Sync="TRUE">0</attscale></attr><attr><attrlabl Sync="TRUE">PFloor</attrlabl><attalias Sync="TRUE">PFloor</attalias><attrtype Sync="TRUE">Double</attrtype><attwidth Sync="TRUE">19</attwidth><atprecis Sync="TRUE">0</atprecis><attscale Sync="TRUE">0</attscale></attr><attr><attrlabl Sync="TRUE">HOTEL</attrlabl><attalias Sync="TRUE">HOTEL</attalias><attrtype Sync="TRUE">Double</attrtype><attwidth Sync="TRUE">19</attwidth><atprecis Sync="TRUE">0</atprecis><attscale Sync="TRUE">0</attscale></attr><attr><attrlabl Sync="TRUE">COOLROOM</attrlabl><attalias Sync="TRUE">COOLROOM</attalias><attrtype Sync="TRUE">Double</attrtype><attwidth Sync="TRUE">19</attwidth><atprecis Sync="TRUE">0</atprecis><attscale Sync="TRUE">0</attscale></attr><attr><attrlabl Sync="TRUE">PARKING</attrlabl><attalias Sync="TRUE">PARKING</attalias><attrtype Sync="TRUE">Double</attrtype><attwidth Sync="TRUE">19</attwidth><atprecis Sync="TRUE">0</atprecis><attscale Sync="TRUE">0</attscale></attr><attr><attrlabl Sync="TRUE">SCHOOL</attrlabl><attalias Sync="TRUE">SCHOOL</attalias><attrtype Sync="TRUE">Double</attrtype><attwidth Sync="TRUE">19</attwidth><atprecis Sync="TRUE">0</atprecis><attscale Sync="TRUE">0</attscale></attr><attr><attrlabl Sync="TRUE">OFFICE</attrlabl><attalias Sync="TRUE">OFFICE</attalias><attrtype Sync="TRUE">Double</attrtype><attwidth Sync="TRUE">19</attwidth><atprecis Sync="TRUE">0</atprecis><attscale Sync="TRUE">0</attscale></attr><attr><attrlabl Sync="TRUE">GYM</attrlabl><attalias Sync="TRUE">GYM</attalias><attrtype Sync="TRUE">Double</attrtype><attwidth Sync="TRUE">19</attwidth><atprecis Sync="TRUE">0</atprecis><attscale Sync="TRUE">0</attscale></attr><attr><attrlabl Sync="TRUE">HOSPITAL</attrlabl><attalias Sync="TRUE">HOSPITAL</attalias><attrtype Sync="TRUE">Double</attrtype><attwidth Sync="TRUE">19</attwidth><atprecis Sync="TRUE">0</atprecis><attscale Sync="TRUE">0</attscale></attr><attr><attrlabl Sync="TRUE">INDUSTRIAL</attrlabl><attalias Sync="TRUE">INDUSTRIAL</attalias><attrtype Sync="TRUE">Double</attrtype><attwidth Sync="TRUE">19</attwidth><atprecis Sync="TRUE">0</atprecis><attscale Sync="TRUE">0</attscale></attr><attr><attrlabl Sync="TRUE">RETAIL</attrlabl><attalias Sync="TRUE">RETAIL</attalias><attrtype Sync="TRUE">Double</attrtype><attwidth Sync="TRUE">19</attwidth><atprecis Sync="TRUE">0</atprecis><attscale Sync="TRUE">0</attscale></attr><attr><attrlabl Sync="TRUE">RESTAURANT</attrlabl><attalias Sync="TRUE">RESTAURANT</attalias><attrtype Sync="TRUE">Double</attrtype><attwidth Sync="TRUE">19</attwidth><atprecis Sync="TRUE">0</atprecis><attscale Sync="TRUE">0</attscale></attr><attr><attrlabl Sync="TRUE">SINGLE_RES</attrlabl><attalias Sync="TRUE">SINGLE_RES</attalias><attrtype Sync="TRUE">Double</attrtype><attwidth Sync="TRUE">19</attwidth><atprecis Sync="TRUE">0</atprecis><attscale Sync="TRUE">0</attscale></attr><attr><attrlabl Sync="TRUE">MULTI_RES</attrlabl><attalias Sync="TRUE">MULTI_RES</attalias><attrtype Sync="TRUE">Double</attrtype><attwidth Sync="TRUE">19</attwidth><atprecis Sync="TRUE">0</atprecis><attscale Sync="TRUE">0</attscale></attr><attr><attrlabl Sync="TRUE">SERVERROOM</attrlabl><attalias Sync="TRUE">SERVERROOM</attalias><attrtype Sync="TRUE">Double</attrtype><attwidth Sync="TRUE">19</attwidth><atprecis Sync="TRUE">0</atprecis><attscale Sync="TRUE">0</attscale></attr><attr><attrlabl Sync="TRUE">SWIMMING</attrlabl><attalias Sync="TRUE">SWIMMING</attalias><attrtype Sync="TRUE">Double</attrtype><attwidth Sync="TRUE">19</attwidth><atprecis Sync="TRUE">0</atprecis><attscale Sync="TRUE">0</attscale></attr><attr><attrlabl Sync="TRUE">FOODSTORE</attrlabl><attalias Sync="TRUE">FOODSTORE</attalias><attrtype Sync="TRUE">Double</attrtype><attwidth Sync="TRUE">19</attwidth><atprecis Sync="TRUE">0</atprecis><attscale Sync="TRUE">0</attscale></attr></detailed></eainfo><mdDateSt Sync="TRUE">20161012</mdDateSt><mdChar><CharSetCd value="004" Sync="TRUE"></CharSetCd></mdChar></metadata>
