Name,id,x,y,desc
B01,SUPERMARKET,463123.442,5225364.188,"25% COOLROOM, 75% FOODSTORE"
B02,HOTEL,463248.3834,5225361.698,"50% HOTEL, 50% GYM"
B03,HOSPITAL,463373.3248,5225359.208,"50% HOSPITAL, 50% INDUSTRIAL"
B04,EDUCATION,463120.9522,5225239.247,"50% LIBRARY, 50% SCHOOL"
B05,RESIDENTIAL,463245.8936,5225236.758,"50% MULTI_RES, 50% SINGLE_RES"
B06,MENSA,463370.835,5225234.268,"50% RESTAURANT, 50% RETAIL"
B07,OFFICE1,463118.4624,5225114.307,"50% OFFICE, 50% SERVERROOM"
B08,OFFICE2,463243.4038,5225111.817,"50% OFFICE, 50% SWIMMING"
B09,OFFICE3,463368.3452,5225109.328,"50% OFFICE, 50% PARKING"