METADATA,mixed-schedule
MONTHLY_MULTIPLIER,0.8,0.8,0.8,0.8,0.8,0.8,0.8,0.8,0.8,0.8,0.8,0.8
PROCESSES,HOUR,HEATING,OCCUPANCY,SERVERS,WATER,COOLING,LIGHTING,APPLIANCES,DAY
0.22,1,SETPOINT,0.34,0.0,0.37,SETPOINT,0.17,0.17,WEEKDAY
0.22,2,SETPOINT,0.34,0.0,0.37,SETPOINT,0.17,0.17,WEEKDAY
0.22,3,SETPOINT,0.34,0.0,0.37,SETPOINT,0.17,0.17,WEEKDAY
0.22,4,SETPOINT,0.34,0.0,0.37,SETPOINT,0.17,0.17,WEEKDAY
0.22,5,SETPOINT,0.34,0.0,0.37,SETPOINT,0.17,0.17,WEEKDAY
0.22,6,SETPOINT,0.46,0.0,0.45,SETPOINT,0.32,0.3,WEEKDAY
0.31,7,SETPOINT,0.57,0.0,0.53,SETPOINT,0.47,0.43,WEEKDAY
0.28,8,SETPOINT,0.72,0.0,0.67,SETPOINT,0.6,0.55,WEEKDAY
0.3,9,SETPOINT,0.86,0.0,0.83,SETPOINT,0.71,0.68,WEEKDAY
0.31,10,SETPOINT,0.92,0.0,0.95,SETPOINT,0.67,0.65,WEEKDAY
0.32,11,SETPOINT,1.0,0.0,1.0,SETPOINT,0.82,0.8,WEEKDAY
0.32,12,SETPOINT,0.73,0.0,0.78,SETPOINT,0.52,0.52,WEEKDAY
0.32,13,SETPOINT,0.71,0.0,0.7,SETPOINT,0.56,0.53,WEEKDAY
0.31,14,SETPOINT,0.86,0.0,0.83,SETPOINT,0.71,0.68,WEEKDAY
0.32,15,SETPOINT,1.0,0.0,1.0,SETPOINT,0.82,0.8,WEEKDAY
0.33,16,SETPOINT,0.85,0.0,0.86,SETPOINT,0.67,0.65,WEEKDAY
0.33,17,SETPOINT,0.78,0.0,0.78,SETPOINT,0.61,0.59,WEEKDAY
0.32,18,SETPOINT,0.65,0.0,0.62,SETPOINT,0.5,0.47,WEEKDAY
0.31,19,SETPOINT,0.46,0.0,0.45,SETPOINT,0.32,0.3,WEEKDAY
0.27,20,SETPOINT,0.46,0.0,0.45,SETPOINT,0.45,0.44,WEEKDAY
0.26,21,SETPOINT,0.46,0.0,0.45,SETPOINT,0.41,0.4,WEEKDAY
0.26,22,SETPOINT,0.46,0.0,0.45,SETPOINT,0.36,0.35,WEEKDAY
0.27,23,SETPOINT,0.34,0.0,0.37,SETPOINT,0.17,0.17,WEEKDAY
0.25,24,SETPOINT,0.34,0.0,0.37,SETPOINT,0.17,0.17,WEEKDAY
0.22,1,SETPOINT,0.27,0.0,0.32,SETPOINT,0.17,0.17,SATURDAY
0.22,2,SETPOINT,0.27,0.0,0.32,SETPOINT,0.17,0.17,SATURDAY
0.22,3,SETPOINT,0.27,0.0,0.32,SETPOINT,0.17,0.17,SATURDAY
0.22,4,SETPOINT,0.27,0.0,0.32,SETPOINT,0.17,0.17,SATURDAY
0.22,5,SETPOINT,0.27,0.0,0.32,SETPOINT,0.17,0.17,SATURDAY
0.22,6,SETPOINT,0.27,0.0,0.32,SETPOINT,0.17,0.17,SATURDAY
0.22,7,SETPOINT,0.27,0.0,0.32,SETPOINT,0.17,0.17,SATURDAY
0.22,8,SETPOINT,0.34,0.0,0.4,SETPOINT,0.21,0.21,SATURDAY
0.23,9,SETPOINT,0.48,0.0,0.57,SETPOINT,0.32,0.33,SATURDAY
0.24,10,SETPOINT,0.62,0.0,0.74,SETPOINT,0.37,0.39,SATURDAY
0.24,11,SETPOINT,0.62,0.0,0.74,SETPOINT,0.43,0.45,SATURDAY
0.07,12,SETPOINT,0.54,0.0,0.65,SETPOINT,0.37,0.39,SATURDAY
0.06,13,SETPOINT,0.41,0.0,0.49,SETPOINT,0.26,0.27,SATURDAY
0.06,14,SETPOINT,0.48,0.0,0.57,SETPOINT,0.32,0.33,SATURDAY
0.06,15,SETPOINT,0.62,0.0,0.74,SETPOINT,0.43,0.45,SATURDAY
0.06,16,SETPOINT,0.54,0.0,0.65,SETPOINT,0.37,0.39,SATURDAY
0.05,17,SETPOINT,0.48,0.0,0.57,SETPOINT,0.32,0.33,SATURDAY
0.05,18,SETPOINT,0.34,0.0,0.4,SETPOINT,0.21,0.21,SATURDAY
0.05,19,SETPOINT,0.27,0.0,0.32,SETPOINT,0.17,0.17,SATURDAY
0.05,20,SETPOINT,0.27,0.0,0.32,SETPOINT,0.3,0.31,SATURDAY
0.05,21,SETPOINT,0.27,0.0,0.32,SETPOINT,0.26,0.27,SATURDAY
0.05,22,SETPOINT,0.27,0.0,0.32,SETPOINT,0.22,0.22,SATURDAY
0.05,23,SETPOINT,0.27,0.0,0.32,SETPOINT,0.17,0.17,SATURDAY
0.05,24,SETPOINT,0.27,0.0,0.32,SETPOINT,0.17,0.17,SATURDAY
0.03,1,SETPOINT,0.27,0.0,0.32,SETPOINT,0.17,0.17,SUNDAY
0.03,2,SETPOINT,0.27,0.0,0.32,SETPOINT,0.17,0.17,SUNDAY
0.03,3,SETPOINT,0.27,0.0,0.32,SETPOINT,0.17,0.17,SUNDAY
0.03,4,SETPOINT,0.27,0.0,0.32,SETPOINT,0.17,0.17,SUNDAY
0.03,5,SETPOINT,0.27,0.0,0.32,SETPOINT,0.17,0.17,SUNDAY
0.03,6,SETPOINT,0.27,0.0,0.32,SETPOINT,0.17,0.17,SUNDAY
0.03,7,SETPOINT,0.27,0.0,0.32,SETPOINT,0.17,0.17,SUNDAY
0.03,8,SETPOINT,0.34,0.0,0.4,SETPOINT,0.21,0.21,SUNDAY
0.03,9,SETPOINT,0.48,0.0,0.57,SETPOINT,0.32,0.33,SUNDAY
0.03,10,SETPOINT,0.62,0.0,0.74,SETPOINT,0.37,0.39,SUNDAY
0.03,11,SETPOINT,0.62,0.0,0.74,SETPOINT,0.43,0.45,SUNDAY
0.03,12,SETPOINT,0.54,0.0,0.65,SETPOINT,0.37,0.39,SUNDAY
0.03,13,SETPOINT,0.41,0.0,0.49,SETPOINT,0.26,0.27,SUNDAY
0.03,14,SETPOINT,0.48,0.0,0.57,SETPOINT,0.32,0.33,SUNDAY
0.03,15,SETPOINT,0.62,0.0,0.74,SETPOINT,0.43,0.45,SUNDAY
0.03,16,SETPOINT,0.54,0.0,0.65,SETPOINT,0.37,0.39,SUNDAY
0.03,17,SETPOINT,0.48,0.0,0.57,SETPOINT,0.32,0.33,SUNDAY
0.03,18,SETPOINT,0.34,0.0,0.4,SETPOINT,0.21,0.21,SUNDAY
0.03,19,SETPOINT,0.27,0.0,0.32,SETPOINT,0.17,0.17,SUNDAY
0.03,20,SETPOINT,0.27,0.0,0.32,SETPOINT,0.3,0.31,SUNDAY
0.03,21,SETPOINT,0.27,0.0,0.32,SETPOINT,0.26,0.27,SUNDAY
0.03,22,SETPOINT,0.27,0.0,0.32,SETPOINT,0.22,0.22,SUNDAY
0.03,23,SETPOINT,0.27,0.0,0.32,SETPOINT,0.17,0.17,SUNDAY
0.03,24,SETPOINT,0.27,0.0,0.32,SETPOINT,0.17,0.17,SUNDAY
