METADATA,mixed-schedule
MONTHLY_MULTIPLIER,0.8000000000000002,0.8000000000000002,0.8000000000000002,0.8000000000000002,0.8000000000000002,0.8000000000000002,0.8000000000000002,0.8000000000000002,0.8000000000000002,0.8000000000000002,0.8000000000000002,0.8000000000000002
OCCUPANCY,APPLIANCES,LIGHTING,SERVERS,WATER,HEATING,COOLING,PROCESSES,ELECTROMOBILITY,DAY,HOUR
0.65,0.1,0.1,0.0,0.07,SETBACK,SETBACK,0.0,0.0,WEEKDAY,1
0.65,0.1,0.1,0.0,0.03,SETBACK,SETBACK,0.0,0.0,WEEKDAY,2
0.65,0.1,0.1,0.0,0.01,SETBACK,SETBACK,0.0,0.0,WEEKDAY,3
0.65,0.1,0.1,0.0,0.01,SETBACK,SETBACK,0.0,0.0,WEEKDAY,4
0.65,0.1,0.1,0.0,0.02,SETBACK,SETBACK,0.0,0.0,WEEKDAY,5
0.65,0.18,0.14,0.0,0.31,SETBACK,SETBACK,0.0,0.0,WEEKDAY,6
0.39,0.67,0.38,0.0,0.81,SETPOINT,SETPOINT,0.0,0.0,WEEKDAY,7
0.33,0.2,0.2,0.0,0.7,SETPOINT,SETPOINT,0.0,0.0,WEEKDAY,8
0.21,0.19,0.4,0.0,0.66,SETPOINT,SETPOINT,0.0,0.0,WEEKDAY,9
0.35,0.23,0.52,0.0,0.6,SETPOINT,SETPOINT,0.0,0.0,WEEKDAY,10
0.35,0.26,0.64,0.0,0.55,SETPOINT,SETPOINT,0.0,0.0,WEEKDAY,11
0.28,0.23,0.52,0.0,0.49,SETPOINT,SETPOINT,0.0,0.0,WEEKDAY,12
0.66,0.73,0.56,0.0,0.59,SETPOINT,SETPOINT,0.0,0.0,WEEKDAY,13
0.47,0.27,0.44,0.0,0.57,SETPOINT,SETPOINT,0.0,0.0,WEEKDAY,14
0.35,0.26,0.64,0.0,0.45,SETPOINT,SETPOINT,0.0,0.0,WEEKDAY,15
0.28,0.23,0.52,0.0,0.38,SETPOINT,SETPOINT,0.0,0.0,WEEKDAY,16
0.21,0.19,0.4,0.0,0.37,SETPOINT,SETPOINT,0.0,0.0,WEEKDAY,17
0.33,0.2,0.2,0.0,0.49,SETPOINT,SETPOINT,0.0,0.0,WEEKDAY,18
0.52,0.67,0.38,0.0,0.64,SETPOINT,SETPOINT,0.0,0.0,WEEKDAY,19
0.52,0.84,0.46,0.0,0.65,SETPOINT,SETPOINT,0.0,0.0,WEEKDAY,20
0.52,0.18,0.14,0.0,0.5,SETPOINT,SETPOINT,0.0,0.0,WEEKDAY,21
0.65,0.18,0.14,0.0,0.37,SETBACK,SETBACK,0.0,0.0,WEEKDAY,22
0.65,0.18,0.14,0.0,0.2,SETBACK,SETBACK,0.0,0.0,WEEKDAY,23
0.65,0.1,0.1,0.0,0.15,SETBACK,SETBACK,0.0,0.0,WEEKDAY,24
0.65,0.1,0.1,0.0,0.07,SETBACK,SETBACK,0.0,0.0,SATURDAY,1
0.65,0.1,0.1,0.0,0.08,SETBACK,SETBACK,0.0,0.0,SATURDAY,2
0.65,0.1,0.1,0.0,0.05,SETBACK,SETBACK,0.0,0.0,SATURDAY,3
0.65,0.1,0.1,0.0,0.02,SETBACK,SETBACK,0.0,0.0,SATURDAY,4
0.65,0.1,0.1,0.0,0.02,SETBACK,SETBACK,0.0,0.0,SATURDAY,5
0.65,0.18,0.14,0.0,0.1,SETBACK,SETBACK,0.0,0.0,SATURDAY,6
0.39,0.67,0.38,0.0,0.27,SETPOINT,SETPOINT,0.0,0.0,SATURDAY,7
0.26,0.18,0.14,0.0,0.46,SETPOINT,SETPOINT,0.0,0.0,SATURDAY,8
0.0,0.1,0.1,0.0,0.74,SETPOINT,SETPOINT,0.0,0.0,SATURDAY,9
0.0,0.1,0.1,0.0,0.73,SETPOINT,SETPOINT,0.0,0.0,SATURDAY,10
0.0,0.1,0.1,0.0,0.66,SETPOINT,SETPOINT,0.0,0.0,SATURDAY,11
0.0,0.1,0.1,0.0,0.71,SETPOINT,SETPOINT,0.0,0.0,SATURDAY,12
0.52,0.67,0.38,0.0,0.72,SETPOINT,SETPOINT,0.0,0.0,SATURDAY,13
0.26,0.18,0.14,0.0,0.57,SETPOINT,SETPOINT,0.0,0.0,SATURDAY,14
0.0,0.1,0.1,0.0,0.46,SETPOINT,SETPOINT,0.0,0.0,SATURDAY,15
0.0,0.1,0.1,0.0,0.36,SETPOINT,SETPOINT,0.0,0.0,SATURDAY,16
0.0,0.1,0.1,0.0,0.46,SETPOINT,SETPOINT,0.0,0.0,SATURDAY,17
0.26,0.18,0.14,0.0,0.59,SETPOINT,SETPOINT,0.0,0.0,SATURDAY,18
0.52,0.67,0.38,0.0,0.81,SETPOINT,SETPOINT,0.0,0.0,SATURDAY,19
0.52,0.84,0.46,0.0,0.64,SETPOINT,SETPOINT,0.0,0.0,SATURDAY,20
0.52,0.18,0.14,0.0,0.36,SETPOINT,SETPOINT,0.0,0.0,SATURDAY,21
0.65,0.18,0.14,0.0,0.35,SETBACK,SETBACK,0.0,0.0,SATURDAY,22
0.65,0.18,0.14,0.0,0.28,SETBACK,SETBACK,0.0,0.0,SATURDAY,23
0.65,0.1,0.1,0.0,0.17,SETBACK,SETBACK,0.0,0.0,SATURDAY,24
0.65,0.1,0.1,0.0,0.09,SETBACK,SETBACK,0.0,0.0,SUNDAY,1
0.65,0.1,0.1,0.0,0.07,SETBACK,SETBACK,0.0,0.0,SUNDAY,2
0.65,0.1,0.1,0.0,0.05,SETBACK,SETBACK,0.0,0.0,SUNDAY,3
0.65,0.1,0.1,0.0,0.02,SETBACK,SETBACK,0.0,0.0,SUNDAY,4
0.65,0.1,0.1,0.0,0.02,SETBACK,SETBACK,0.0,0.0,SUNDAY,5
0.65,0.18,0.14,0.0,0.05,SETBACK,SETBACK,0.0,0.0,SUNDAY,6
0.39,0.67,0.38,0.0,0.16,SETPOINT,SETPOINT,0.0,0.0,SUNDAY,7
0.26,0.18,0.14,0.0,0.33,SETPOINT,SETPOINT,0.0,0.0,SUNDAY,8
0.0,0.1,0.1,0.0,0.53,SETPOINT,SETPOINT,0.0,0.0,SUNDAY,9
0.0,0.1,0.1,0.0,0.7,SETPOINT,SETPOINT,0.0,0.0,SUNDAY,10
0.0,0.1,0.1,0.0,0.77,SETPOINT,SETPOINT,0.0,0.0,SUNDAY,11
0.0,0.1,0.1,0.0,0.81,SETPOINT,SETPOINT,0.0,0.0,SUNDAY,12
0.52,0.67,0.38,0.0,0.7,SETPOINT,SETPOINT,0.0,0.0,SUNDAY,13
0.26,0.18,0.14,0.0,0.6,SETPOINT,SETPOINT,0.0,0.0,SUNDAY,14
0.0,0.1,0.1,0.0,0.47,SETPOINT,SETPOINT,0.0,0.0,SUNDAY,15
0.0,0.1,0.1,0.0,0.41,SETPOINT,SETPOINT,0.0,0.0,SUNDAY,16
0.0,0.1,0.1,0.0,0.24,SETPOINT,SETPOINT,0.0,0.0,SUNDAY,17
0.26,0.18,0.14,0.0,0.45,SETPOINT,SETPOINT,0.0,0.0,SUNDAY,18
0.52,0.67,0.38,0.0,0.59,SETPOINT,SETPOINT,0.0,0.0,SUNDAY,19
0.52,0.84,0.46,0.0,0.63,SETPOINT,SETPOINT,0.0,0.0,SUNDAY,20
0.52,0.18,0.14,0.0,0.33,SETPOINT,SETPOINT,0.0,0.0,SUNDAY,21
0.65,0.18,0.14,0.0,0.3,SETBACK,SETBACK,0.0,0.0,SUNDAY,22
0.65,0.18,0.14,0.0,0.28,SETBACK,SETBACK,0.0,0.0,SUNDAY,23
0.65,0.1,0.1,0.0,0.15,SETBACK,SETBACK,0.0,0.0,SUNDAY,24
