METADATA,mixed-schedule
MONTHLY_MULTIPLIER,0.8000000000000002,0.8000000000000002,0.8000000000000002,0.8000000000000002,0.8000000000000002,0.8000000000000002,0.8000000000000002,0.8000000000000002,0.8000000000000002,0.8000000000000002,0.8000000000000002,0.8000000000000002
OCCUPANCY,APPLIANCES,LIGHTING,SERVERS,WATER,HEATING,COOLING,PROCESSES,ELECTROMOBILITY,DAY,HOUR
0.52,0.1,0.1,0.0,0.07,SETBACK,SETBACK,0.0,0.0,WEEKDAY,1
0.52,0.1,0.1,0.0,0.03,SETBACK,SETBACK,0.0,0.0,WEEKDAY,2
0.52,0.1,0.1,0.0,0.01,SETBACK,SETBACK,0.0,0.0,WEEKDAY,3
0.52,0.1,0.1,0.0,0.01,SETBACK,SETBACK,0.0,0.0,WEEKDAY,4
0.52,0.1,0.1,0.0,0.02,SETBACK,SETBACK,0.0,0.0,WEEKDAY,5
0.52,0.19,0.12,0.0,0.32,SETBACK,SETBACK,0.0,0.0,WEEKDAY,6
0.31,0.76,0.27,0.0,0.83,SETPOINT,SETPOINT,0.0,0.0,WEEKDAY,7
0.3,0.25,0.8,0.0,0.71,SETPOINT,SETPOINT,0.0,0.0,WEEKDAY,8
0.19,0.15,0.78,0.0,0.62,SETPOINT,SETPOINT,0.0,0.0,WEEKDAY,9
0.19,0.15,0.78,0.0,0.49,SETPOINT,SETPOINT,0.0,0.0,WEEKDAY,10
0.19,0.15,0.78,0.0,0.44,SETPOINT,SETPOINT,0.0,0.0,WEEKDAY,11
0.29,0.15,0.78,0.0,0.45,SETPOINT,SETPOINT,0.0,0.0,WEEKDAY,12
0.7,0.81,0.95,0.0,0.62,SETPOINT,SETPOINT,0.0,0.0,WEEKDAY,13
0.5,0.25,0.8,0.0,0.57,SETPOINT,SETPOINT,0.0,0.0,WEEKDAY,14
0.19,0.15,0.78,0.0,0.33,SETPOINT,SETPOINT,0.0,0.0,WEEKDAY,15
0.19,0.15,0.78,0.0,0.3,SETPOINT,SETPOINT,0.0,0.0,WEEKDAY,16
0.29,0.15,0.78,0.0,0.37,SETPOINT,SETPOINT,0.0,0.0,WEEKDAY,17
0.69,0.25,0.8,0.0,0.63,SETPOINT,SETPOINT,0.0,0.0,WEEKDAY,18
0.7,0.81,0.95,0.0,0.76,SETPOINT,SETPOINT,0.0,0.0,WEEKDAY,19
0.61,1.0,1.0,0.0,0.73,SETPOINT,SETPOINT,0.0,0.0,WEEKDAY,20
0.41,0.19,0.12,0.0,0.52,SETPOINT,SETPOINT,0.0,0.0,WEEKDAY,21
0.52,0.19,0.12,0.0,0.37,SETBACK,SETBACK,0.0,0.0,WEEKDAY,22
0.52,0.19,0.12,0.0,0.21,SETBACK,SETBACK,0.0,0.0,WEEKDAY,23
0.52,0.1,0.1,0.0,0.16,SETBACK,SETBACK,0.0,0.0,WEEKDAY,24
0.52,0.1,0.1,0.0,0.07,SETBACK,SETBACK,0.0,0.0,SATURDAY,1
0.52,0.1,0.1,0.0,0.08,SETBACK,SETBACK,0.0,0.0,SATURDAY,2
0.52,0.1,0.1,0.0,0.05,SETBACK,SETBACK,0.0,0.0,SATURDAY,3
0.52,0.1,0.1,0.0,0.02,SETBACK,SETBACK,0.0,0.0,SATURDAY,4
0.52,0.1,0.1,0.0,0.02,SETBACK,SETBACK,0.0,0.0,SATURDAY,5
0.52,0.19,0.12,0.0,0.1,SETBACK,SETBACK,0.0,0.0,SATURDAY,6
0.31,0.76,0.27,0.0,0.27,SETPOINT,SETPOINT,0.0,0.0,SATURDAY,7
0.3,0.25,0.8,0.0,0.5,SETPOINT,SETPOINT,0.0,0.0,SATURDAY,8
0.19,0.15,0.78,0.0,0.82,SETPOINT,SETPOINT,0.0,0.0,SATURDAY,9
0.19,0.15,0.78,0.0,0.82,SETPOINT,SETPOINT,0.0,0.0,SATURDAY,10
0.19,0.15,0.78,0.0,0.74,SETPOINT,SETPOINT,0.0,0.0,SATURDAY,11
0.29,0.15,0.78,0.0,0.82,SETPOINT,SETPOINT,0.0,0.0,SATURDAY,12
0.7,0.81,0.95,0.0,0.83,SETPOINT,SETPOINT,0.0,0.0,SATURDAY,13
0.5,0.25,0.8,0.0,0.68,SETPOINT,SETPOINT,0.0,0.0,SATURDAY,14
0.19,0.15,0.78,0.0,0.53,SETPOINT,SETPOINT,0.0,0.0,SATURDAY,15
0.19,0.15,0.78,0.0,0.43,SETPOINT,SETPOINT,0.0,0.0,SATURDAY,16
0.29,0.15,0.78,0.0,0.57,SETPOINT,SETPOINT,0.0,0.0,SATURDAY,17
0.69,0.25,0.8,0.0,0.77,SETPOINT,SETPOINT,0.0,0.0,SATURDAY,18
0.7,0.81,0.95,0.0,0.93,SETPOINT,SETPOINT,0.0,0.0,SATURDAY,19
0.61,1.0,1.0,0.0,0.72,SETPOINT,SETPOINT,0.0,0.0,SATURDAY,20
0.41,0.19,0.12,0.0,0.37,SETPOINT,SETPOINT,0.0,0.0,SATURDAY,21
0.52,0.19,0.12,0.0,0.36,SETBACK,SETBACK,0.0,0.0,SATURDAY,22
0.52,0.19,0.12,0.0,0.29,SETBACK,SETBACK,0.0,0.0,SATURDAY,23
0.52,0.1,0.1,0.0,0.17,SETBACK,SETBACK,0.0,0.0,SATURDAY,24
0.52,0.1,0.1,0.0,0.09,SETBACK,SETBACK,0.0,0.0,SUNDAY,1
0.52,0.1,0.1,0.0,0.07,SETBACK,SETBACK,0.0,0.0,SUNDAY,2
0.52,0.1,0.1,0.0,0.05,SETBACK,SETBACK,0.0,0.0,SUNDAY,3
0.52,0.1,0.1,0.0,0.02,SETBACK,SETBACK,0.0,0.0,SUNDAY,4
0.52,0.1,0.1,0.0,0.02,SETBACK,SETBACK,0.0,0.0,SUNDAY,5
0.52,0.19,0.12,0.0,0.05,SETBACK,SETBACK,0.0,0.0,SUNDAY,6
0.31,0.76,0.27,0.0,0.17,SETPOINT,SETPOINT,0.0,0.0,SUNDAY,7
0.21,0.19,0.12,0.0,0.34,SETPOINT,SETPOINT,0.0,0.0,SUNDAY,8
0.0,0.1,0.1,0.0,0.54,SETPOINT,SETPOINT,0.0,0.0,SUNDAY,9
0.0,0.1,0.1,0.0,0.72,SETPOINT,SETPOINT,0.0,0.0,SUNDAY,10
0.0,0.1,0.1,0.0,0.79,SETPOINT,SETPOINT,0.0,0.0,SUNDAY,11
0.0,0.1,0.1,0.0,0.83,SETPOINT,SETPOINT,0.0,0.0,SUNDAY,12
0.41,0.76,0.27,0.0,0.72,SETPOINT,SETPOINT,0.0,0.0,SUNDAY,13
0.21,0.19,0.12,0.0,0.62,SETPOINT,SETPOINT,0.0,0.0,SUNDAY,14
0.0,0.1,0.1,0.0,0.48,SETPOINT,SETPOINT,0.0,0.0,SUNDAY,15
0.0,0.1,0.1,0.0,0.42,SETPOINT,SETPOINT,0.0,0.0,SUNDAY,16
0.0,0.1,0.1,0.0,0.24,SETPOINT,SETPOINT,0.0,0.0,SUNDAY,17
0.21,0.19,0.12,0.0,0.46,SETPOINT,SETPOINT,0.0,0.0,SUNDAY,18
0.41,0.76,0.27,0.0,0.6,SETPOINT,SETPOINT,0.0,0.0,SUNDAY,19
0.41,0.95,0.32,0.0,0.65,SETPOINT,SETPOINT,0.0,0.0,SUNDAY,20
0.41,0.19,0.12,0.0,0.33,SETPOINT,SETPOINT,0.0,0.0,SUNDAY,21
0.52,0.19,0.12,0.0,0.31,SETBACK,SETBACK,0.0,0.0,SUNDAY,22
0.52,0.19,0.12,0.0,0.28,SETBACK,SETBACK,0.0,0.0,SUNDAY,23
0.52,0.1,0.1,0.0,0.16,SETBACK,SETBACK,0.0,0.0,SUNDAY,24
